{
    "@id": "99999-magicapp3",
    "@type": "koio:KnowledgeObject",
    "identifier": "ark:/99999/magicapp3",
    "version": "1.0.0",
    "title": "MAGICapp test 3 - AUS Stroke",
    "contributors": "Kgrid Team",
    "description": "Prehospital Care Stroke Recommendations",
    "keywords": [
        "knowledge",
        "object"
    ],
    "hasServiceSpecification": "service.yaml",
    "hasDeploymentSpecification": "deployment.yaml",
    "hasPayload": [
        "src/index.js"
    ],
    "@context": [
        "http://kgrid.org/koio/contexts/knowledgeobject.jsonld"
    ]
}
